Gene Synonym,Gene Name
NR1B3,RARG
COL29A1,COL6A5
VWA4,COL6A5
FGF2A,FGF2
PPARG5,PPARG
NR1C1,PPARA
FZD3,FZD9
FZD9,FZD3
MPIF2,CCL24
SCYA24,CCL24
APO2,TNFRSF10A
DR4,TNFRSF10A
TRAILR1,TNFRSF10A
GPRC1H,GRM8
MGLUR8,GRM8
AGRT,AGRP
ART,AGRP
PAR3,F2RL2
EBAF,LEFTY2
LEFTA,LEFTY2
LEFTYA,LEFTY2
TGFB4,LEFTY2
TUBL1,TULP1
OCIF,TNFRSF11B
OPG,TNFRSF11B
EAAT5,SLC1A7
CCR11,ACKR4
CCR6,CCRL2
CKRX,CCR6
CRAM,CCR6
HCR,CCR6
CCRL2,CCR6
GDNFRB,GFRA2
RETL2,GFRA2
TRNR2,GFRA2
AGRIN,AGRN
CALL,CHL1
BONZO,CXCR6
STRL33,CXCR6
TYMSTR,CXCR6
RNASE6PL,RNASET2
SCYA21,CCL21
CCBP2,ACKR4
CCR10,ACKR2
CMKBR9,CCR10
D6,CCR10
ACKR2,CCR10
PCLP,PODXL
PCLP1,PODXL
MDC,CCL22
SCYA22,CCL22
NTAK,NRG2
BAI1,ADGRB1
ITAC,CXCL11
SCYB11,CXCL11
SCYB9B,CXCL11
MGST1L1,PTGES
MPGES1,PTGES
PGES,PTGES
PIG12,PTGES
RODH,HSD17B6
SDR9C6,HSD17B6
DR5,TNFRSF10B
KILLER,TNFRSF10B
TRAILR2,TNFRSF10B
TRICK2,TNFRSF10B
ZTNFR9,TNFRSF10B
NRP,NRP1
VEGF165R,NRP1
OPGL,TNFSF11
RANKL,TNFSF11
TRANCE,TNFSF11
GDF8,MSTN
DCR1,TNFRSF10C
LIT,TNFRSF10C
TRAILR3,TNFRSF10C
TRID,TNFRSF10C
TACI,TNFRSF13B
WNT14,WNT9A
WNT14B,WNT9B
WNT15,WNT9B
TIP1,TAX1BP3
1C7,NCR3
LY117,NCR3
KIAA0315,PLXNB2
KIAA0331,SEMA3E
SEMAH,SEMA3E
OBR,LEPR
LEPROT,LEPR
GPRC1F,GRM6
MGLUR6,GRM6
GluN2D,GRIN2D
NMDAR2D,GRIN2D
SCYA25,CCL25
TECK,CCL25
ILINCK,CCL16
NCC4,CCL16
SCYA16,CCL16
CYP1ALPHA,CYP27B1
CYP27B,CYP27B1
KIAA0405,FLRT2
KIAA0407,PLXNB1
PLXN5,PLXNB1
SEP,PLXNB1
GPR38,MLNR
MTLR,MLNR
MTLR1,MLNR
KIAA0416,LRRTM2
LRRN2,LRRTM2
GLURD2,GRID2
APO3L,TNFSF12
DR3LG,TNFSF12
HVEML,TNFSF14
LIGHT,TNFSF14
GALNR2,GALR2
OX,HCRT
PPORX,HCRT
PPOX,HCRT
DAP12,TYROBP
KARAP,TYROBP
FIGF,VEGFD
EPLG6,EFNA2
LERK6,EFNA2
BCA1,CXCL13
BLC,CXCL13
SCYB13,CXCL13
BAI2,ADGRB2
BAI3,ADGRB3
KIAA0550,ADGRB3
VEGF165R2,NRP2
VESPR,PLXNC1
IFCR,CUBN
GALNR3,GALR3
ETBRLP2,GPR37L1
KIAA0463,PLXNA2
OCT,PLXNA2
PLXN2,PLXNA2
KIAA0813,SLIT1
MEGF4,SLIT1
SLIL1,SLIT1
KIAA0816,LRP4
LRP10,LRP4
MEGF7,LRP4
B7H2,ICOSLG
B7RP1,ICOSLG
ICOSL,ICOSLG
KIAA0653,ICOSLG
LR3,LRP5
LRP7,LRP5
CD108,SEMA7A
SEMAL,SEMA7A
ZMYND5,SPN
DEAF1,SPN
PXR,NR1I2
GPR49,LGR5
GPR67,LGR5
DR6,TNFRSF21
LEFTB,LEFTY1
LEFTYB,LEFTY1
ATP6IP2,ATP6AP2
CAPER,ATP6AP2
ELDF10,ATP6AP2
APRIL,TNFSF13
TALL2,TNFSF13
ZTNF2,TNFSF13
GPR51,GABBR2
GPRC3B,GABBR2
RALDH2,ALDH1A2
SLIL3,SLIT2
KIAA0821,ADGRL1
LEC2,ADGRL1
LPHN1,ADGRL1
GLS1,GLS
KIAA0838,GLS
KIAA0848,SLITRK3
CS1,CLSTN1
KIAA0911,CLSTN1
KIAA0918,SLITRK5
LRRC11,SLITRK5
EDG5,S1PR2
TL1,TNFSF15
VEGI,TNFSF15
UNC5H3,UNC5C
IL1R7,IL18RAP
PZR,MPZL1
BMP11,GDF11
DCR3,TNFRSF6B
TR6,TNFRSF6B
ABC1,ABCA1
CERP,ABCA1
KIAA0786,ADGRL2
LEC1,ADGRL2
LPHH1,ADGRL2
LPHN2,ADGRL2
NTN1L,NTN1
MIP2G,CXCL14
NJAC,CXCL14
SCYB14,CXCL14
C9orf26,IL33
IL1F11,IL33
NFHEV,IL33
DAND4,CER1
BY55,CD160
GDF9B,BMP15
ALDC,ALDH1A1
ALDH1,ALDH1A1
PUMB1,ALDH1A1
ERBB,EGFR
ERBB1,EGFR
HER1,EGFR
SERPINA8,AGT
CPAMD1,C3
CPAMD4,C5
BDK,KNG1
KNG,KNG1
PDGF2,PDGFB
SIS,PDGFB
TGFB,TGFB1
NGFB,NGF
GNRH,GNRH1
GRH,GNRH1
LHRH,GNRH1
ANP,NPPA
PND,NPPA
OT,OXT
ARVP,AVP
VP,AVP
CALC1,CALCA
GHRF,GHRH
PNP,PPY
GAS,GAST
TNFB,LTA
TNFSF1,LTA
TNFA,TNF
TNFSF2,TNF
,CGB3
IFNA13,IFNA1
IFNA2A,IFNA2
IFNA2B,IFNA2
IFNA2C,IFNA2
IFB,IFNB1
IFNB,IFNB1
IL1F1,IL1A
IL1F2,IL1B
MAL,CD8A
HLAB,HLA-B
ACHRA,CHRNA1
CHNRA,CHRNA1
FN,FN1
CTAP3,PPBP
CXCL7,PPBP
SCYB7,PPBP
TGB1,PPBP
THBGB1,PPBP
CXCL4,PF4
SCYB4,PF4
INP10,CXCL10
SCYB10,CXCL10
FTH,FTH1
FTHL6,FTH1
ESR,ESR1
NR3A1,ESR1
MIF,AMH
ANX1,ANXA1
LPC1,ANXA1
PDGF1,PDGFA
GMCSF,CSF2
GRL,NR3C1
ALTPRP,PRNP
PRIP,PRNP
PRP,PRNP
DHLAG,CD74
F8VWF,VWF
HLAA,HLA-A
HER2,ERBB2
MLN19,ERBB2
NEU,ERBB2
NGL,ERBB2
INT1,WNT1
MTC,NTRK1
TRK,NTRK1
TRKA,NTRK1
IBP1,IGF1
A4,APP
AD1,APP
CYP17,CYP17A1
S17AH,CYP17A1
GP3A,ITGB3
CD18,ITGB2
MFI7,ITGB2
CYP11A,CYP11A1
FGFA,FGF1
IFNB2,IL6
FNRB,ITGB1
MDF2,ITGB1
MSK12,ITGB1
NR3C3,PGR
SRBC,CD2
CEA,CEACAM5
CD23A,FCER2
CLEC4J,FCER2
FCE2,FCER2
IGEBF,FCER2
MSK8,ITGAV
VNRA,ITGAV
VTNR,ITGAV
THRM,THBD
ERBA2L,P4HB
PDI,P4HB
PDIA1,P4HB
PO4DB,P4HB
FMS,CSF1R
ACHRG,CHRNG
ADRB2R,ADRB2
B2AR,ADRB2
GLBA,PSAP
SAP1,PSAP
CDHF12,RET
CDHR16,RET
PTC,RET
RET51,RET
TSP,THBS1
TSP1,THBS1
TNFRSF16,NGFR
CR,CD55
DAF,CD55
MCR,NR3C2
MLR,NR3C2
CLG4A,MMP2
GP2B,ITGA2B
ITGAB,ITGA2B
CD45,PTPRC
ADRB1R,ADRB1
B1AR,ADRB1
HST,SULT2A1
HSTF1,FGF4
KS3,FGF4
FNRA,ITGA5
CYP3A3,CYP3A4
CYP21,CYP21A2
CYP21B,CYP21A2
ADRB2RL1,HTR1A
ADRBRL1,HTR1A
ADRA2R,ADRA2A
ADRAR,ADRA2A
FGFB,FGF2
BCM1,CD48
BLAST1,CD48
GRO,CXCL1
GRO1,CXCL1
GROA,CXCL1
MGSA,CXCL1
SCYB1,CXCL1
INT1L1,WNT2
IRP,WNT2
PDGFR,PDGFRB
PDGFR1,PDGFRB
LOG5,ALOX5
C17orf33,CSF3
GCSF,CSF3
LTA4,LTA4H
CO4,C4A
CPAMD2,C4A
ELA,APELA
TDL,APELA
CGB,CGB3
CGB5,CGB3
CGB8,CGB3
CALC2,CALCB
ADX,FDX1
IL8,CXCL8
G0S19-1,CCL3
MIP1A,CCL3
SCYA3,CCL3
DHTR,AR
NR3C4,AR
NR1B1,RARA
HLAC,HLA-C
BNSP,SPP1
OPN,SPP1
LAR,PTPRF
SCFR,KIT
HST2,FGF6
HSTF2,FGF6
HAP,RARB
NR1B2,RARB
EAR7,THRA
ERBA1,THRA
NR1A1,THRA
THRA1,THRA
THRA2,THRA
ERBA2,THRB
NR1A2,THRB
THR1,THRB
APOJ,CLU
CLI,CLU
KUB1,CLU
CD8B1,CD8B
LAMB2,LAMC1
PENT,PNMT
CD11B,ITGAM
CR3A,ITGAM
ACHRB,CHRNB1
CHRNB,CHRNB1
BCR1,BCR
D22S11,BCR
BFGFR,FGFR1
CEK,FGFR1
FGFBR,FGFR1
FLG,FGFR1
FLT2,FGFR1
HBGFR,FGFR1
NR1I1,VDR
INT2,FGF3
ARO1,CYP19A1
CYAR,CYP19A1
CYP19,CYP19A1
EPER,EPO
EPP,EPO
EPX,EPO
MPRI,IGF2R
COLL6,COL11A1
PTHRP,PTHLH
BMP2A,BMP2
BMP2B,BMP4
DVR4,BMP4
CDHE,CDH1
UVO,CDH1
LAG1,CCL4
MIP1B,CCL4
SCYA4,CCL4
CRIPTO,TDGF1
MCP1,CCL2
SCYA2,CCL2
D17S136E,CCL5
SCYA5,CCL5
NCAM,NCAM1
CD49D,ITGA4
BGP,CEACAM1
BGP1,CEACAM1
HLA-6.2,HLA-E
HLAE,HLA-E
ADRB3R,ADRB3
B3AR,ADRB3
3BH,HSD3B1
HSDB3A,HSD3B1
E17KSR,HSD17B1
EDH17B1,HSD17B1
EDH17B2,HSD17B1
EDHB17,HSD17B1
SDR28C1,HSD17B1
LNHR,SELL
LYAM1,SELL
MIC2,CD99
MIC2X,CD99
MIC2Y,CD99
HPTA,HGF
PLA2B,PLA2G2A
PLA2L,PLA2G2A
RASF-A,PLA2G2A
IL1R,IL1R1
IL1RA,IL1RN
IL1RT1,IL1R1
IL15RB,IL2RB
HILDA,LIF
ALDR1,AKR1B1
ALR2,AKR1B1
PVS,PVR
VIL2,EZR
CSF2R,CSF2RA
CSF2RY,CSF2RA
AREGB,AREG
SDGF,AREG
MCP,CD46
MIC10,CD46
S11BH,CYP11B1
VEGF,VEGFA
ANPRA,NPR1
LHR,CD44
MDU2,CD44
MDU3,CD44
MIC4,CD44
GMRP,SELP
GRMP,SELP
CD43,SPN
CBR,CBR1
CRN,CBR1
SDR21C1,CBR1
PDGFR2,PDGFRA
RHEPDGFRA,PDGFRA
CD152,CTLA4
MDP,DPEP1
RDP,DPEP1
LGR3,TSHR
ELAM1,SELE
D17S1718,CCL3L1
G0S19-2,CCL3L1
SCYA3L1,CCL3L1
CCL3L3,CCL3L1
GP3B,CD36
GP4,CD36
IFNAR,IFNAR1
CD49B,ITGA2
GJAL,GJA1
HLA-6.0,HLA-G
HLAG,HLA-G
TPH,TPH1
TPRH,TPH1
TRPH,TPH1
MAC2,LGALS3
IBP3,IGFBP3
FLT,FLT1
FRT,FLT1
VEGFR1,FLT1
12LO,ALOX12
LOG12,ALOX12
OP1,BMP7
ADRA2L1,ADRA2B
ADRA2RL1,ADRA2B
IL1F3,IL1RN
FDC,LAG3
ADRA2L2,ADRA2C
ADRA2RL2,ADRA2C
SDC,SDC1
CDHN,CDH2
NCAD,CDH2
LFA3,CD58
TNFAR,TNFRSF1A
TNFR1,TNFRSF1A
GGT,GGT1
NR2B1,RXRA
BAL,CEL
GRO2,CXCL2
GROB,CXCL2
MIP2A,CXCL2
SCYB2,CXCL2
GRO3,CXCL3
GROG,CXCL3
SCYB3,CXCL3
C3DR,CR2
SIGLEC2,CD22
FLAP,ALOX5AP
TNFBR,TNFRSF1B
TNFR2,TNFRSF1B
NKA,TAC1
NKNA,TAC1
TAC2,TAC1
CD11A,ITGAL
CD11C,ITGAX
AADC,DDC
EPLG1,EFNA1
LERK1,EFNA1
TNFAIP4,EFNA1
HBNF1,PTN
NEGF1,PTN
NK2R,TACR2
NKNAR,TACR2
TAC2R,TACR2
CNR,CNR1
MGF,KITLG
SCF,KITLG
NT5,NT5E
NTE,NT5E
EPH,EPHA1
EPHT,EPHA1
EPHT1,EPHA1
C5AR,C5AR1
C5R1,C5AR1
MK1,MDK
NEGF2,MDK
KGF,FGF7
BEK,FGFR2
KGFR,FGFR2
KSAM,FGFR2
HER3,ERBB3
DRD1B,DRD5
DRD1L2,DRD5
VGR,BMP6
CDHP,CDH3
SCYA1,CCL1
JTK2,FGFR4
TKF,FGFR4
GAL1,GAL
GALN,GAL
GLNN,GAL
ADXR,FDXR
JTK4,FGFR3
LCGR,LHCGR
LGR2,LHCGR
LHRHR,LHCGR
CLEC13D,MRC1
CLEC13DL,MRC1
MRC1L1,MRC1
HTPZP2,PTPRZ1
PTPRZ,PTPRZ1
PTPRZ2,PTPRZ1
PTPZ,PTPRZ1
TXGP1,TNFSF4
LGR1,FSHR
NAT1,SLC6A5
NET1,SLC6A5
SLC6A5,SLC6A2
SLC6A2,SLC6A5
LAMM,LAMA2
IL4RA,IL4R
ETRB,EDNRB
CYP5,TBXAS1
CYP5A1,TBXAS1
TXAS,TBXAS1
HXB,TNC
CMKAR1,CXCR1
IL8RA,CXCR1
IL8RB,CXCR2
CD24A,CD24
FPRH1,FPR2
FPRL2,FPR3
FPRL1,FPR2
LXA4R,FPR2
ADRA1A,ADRA1D
ADRA1D,ADRA1A
ETA,EDNRA
ETRA,EDNRA
NK1R,TACR1
TAC1R,TACR1
CMKOR1,ACKR3
CXCR7,ACKR3
GPR159,ACKR3
RDC1,ACKR3
CF2R,F2R
PAR1,F2R
TR,F2R
APT1,FAS
FAS1,FAS
TNFRSF6,FAS
NPYR,NPY1R
NPYY1,NPY1R
TNFRSF5,CD40
MSK18,ITGA3
NKG2A,KLRC1
NKG2C,KLRC2
D12S2489E,KLRK1
NKG2D,KLRK1
TNFRSF7,CD27
D3F15S2,MST1
DNF15S2,MST1
HGFL,MST1
IL3R,IL3RA
ACVR2,ACVR2A
ADCP2,DPP4
CD26,DPP4
C3orf7,COL8A1
IL1RB,IL1R2
HTR1DA,HTR1D
HTRL,HTR1D
HTR1DB,HTR1B
HTR2,HTR2A
HTR1C,HTR2C
NR2B2,RXRB
CD30,TNFRSF8
D1S166E,TNFRSF8
ADORA2,ADORA2A
ECK,EPHA2
ETK,EPHA3
ETK1,EPHA3
HEK,EPHA3
TYRO4,EPHA5
EEK,EPHA8
HEK3,EPHA8
KIAA1459,EPHA8
DRT,EPHB2
EPHT3,EPHB2
EPTH3,EPHB2
ERK,EPHB2
HEK5,EPHB2
TYRO5,EPHB2
NK3R,TACR3
TAC3R,TACR3
NKSF1,IL12A
NKSF2,IL12B
CD40L,CD40LG
TNFSF5,CD40LG
TRAP,CD40LG
BKR2,BDKRB2
HLA-5.4,HLA-F
HLAF,HLA-F
ADHR,AVPR2
DIR,AVPR2
DIR3,AVPR2
V2R,AVPR2
UFO,AXL
GABATR,SLC6A1
GABT1,SLC6A1
GAT1,SLC6A1
NACHRA5,CHRNA5
A2MRAP,LRPAP1
AGTR1A,AGTR1
AGTR1B,AGTR1
AT2R1,AGTR1
AT2R1B,AGTR1
HTR1EL,HTR1F
GRHR,GNRHR
NTRR,NTSR1
CDW52,CD52
HE5,CD52
HTT,SLC6A4
SERT,SLC6A4
CGM6,CEACAM8
CAML1,L1CAM
MIC5,L1CAM
CCKRA,CCKAR
CCKRB,CCKBR
CMKBR1,CCR1
CMKR1,CCR1
SCYAR1,CCR1
CMKBR7,CCR7
EBI1,CCR7
EVI1,CCR7
NACHRA3,CHRNA3
BLR1,CXCR5
MDR15,CXCR5
IL3RB,CSF2RB
IL5RB,CSF2RB
CD27L,CD70
CD27LG,CD70
TNFSF7,CD70
CD30L,TNFSF8
CD30LG,TNFSF8
CD28LG,CD80
CD28LG1,CD80
LAB7,CD80
NTF5,NTF4
HSPG1,SDC2
JTK5A,RYK
CB2A,CNR2
CB2B,CNR2
CRFR,CRHR1
CRFR1,CRHR1
CRHR,CRHR1
NC30,IL13
COLEC7,SFTPD
PSPD,SFTPD
SFTP4,SFTPD
AM,ADM
ADRA1C,ADRA1A
MOR1,OPRM1
NR1F1,RORA
RZRA,RORA
PTGER2,PTGER4
PTGER4,PTGER2
AGTRL1,APLNR
APJ,APLNR
TSP2,THBS2
FBN,FBN1
VEGFR3,FLT4
FLK1,KDR
VEGFR2,KDR
GGTLA1,GGT5
GJA7,GJC1
NACHRA7,CHRNA7
CD135,FLT3
FLK2,FLT3
STK1,FLT3
ACVRLK3,BMPR1A
ALK3,BMPR1A
ACVRLK4,ACVR1B
ALK4,ACVR1B
ALK5,TGFBR1
SKR4,TGFBR1
D12S370,LTBR
TNFCR,LTBR
TNFR3,LTBR
TNFRSF3,LTBR
ACVRLK1,ACVRL1
ALK1,ACVRL1
EDH17B3,HSD17B3
SDR12C2,HSD17B3
NR1C3,PPARG
AVPR1,AVPR1A
IFNGT1,IFNGR2
GLUR5,GRIK1
NCA,CEACAM6
MGDF,THPO
TPOR,MPL
PBX1,PRL
OPRD,OPRD1
OPRK,OPRK1
OOR,OPRL1
ORL1,OPRL1
OB,LEP
OBS,LEP
MOX1,CD200
MOX2,CD200
PDS,PTGDS
VIP2R,VIPR2
GPRC1E,GRM5
MGLUR5,GRM5
CMKBR2,CCR2
CD28LG2,CD86
AGTI,ASIP
AGTIL,ASIP
ASP,ASIP
GLUH1,GRIA1
GLUR1,GRIA1
GLUR2,GRIA2
GLUR3,GRIA3
GLURC,GRIA3
DDH1,AKR1C3
HSD17B5,AKR1C3
KIAA0119,AKR1C3
PGFS,AKR1C3
IL12R,IL12RB1
IL12RB,IL12RB1
ENA78,CXCL5
SCYB5,CXCL5
EAAT1,SLC1A3
GLAST,SLC1A3
GLAST1,SLC1A3
EAAT2,SLC1A2
GLT1,SLC1A2
EAAC1,SLC1A1
EAAT3,SLC1A1
HEAAC1,SLC1A1
BMP14,GDF5
CDMP1,GDF5
PRIPR,PTGIR
MUC18,MCAM
IGDCC1,DCC
TXGP1L,TNFRSF4
CD158A,KIR2DL1
NKAT1,KIR2DL1
CD158B2,KIR2DL3
KIRCL23,KIR2DL3
NKAT2,KIR2DL3
CD158E,KIR3DL1
NKAT3,KIR3DL1
NKB1,KIR3DL1
CD158K,KIR3DL2
NKAT4,KIR3DL2
NACRA4,CHRNA4
CMKLR2,GPR1
GPR2,CCR10
CCXCR1,XCR1
GPR5,XCR1
5HT3R,HTR3A
HTR3,HTR3A
BAT3,BAG6
G3,BAG6
TAN1,NOTCH1
BRADYB1,BDKRB1
GALNR,GALR1
GALNR1,GALR1
ALDH6,ALDH1A3
AVPR3,AVPR1B
VPR3,AVPR1B
LTN,XCL1
SCYC1,XCL1
APT1LG1,FASLG
CD95L,FASLG
FASL,FASLG
TNFSF6,FASLG
GLUR4,GRIA4
SDF1,CXCL12
SDF1A,CXCL12
SDF1B,CXCL12
GABT3,SLC6A11
GAT3,SLC6A11
GPR7,NPBWR1
GPR8,NPBWR2
DB,LEPR
NR2B3,RXRG
IFNABR,IFNAR2
IFNARB,IFNAR2
EAAT4,SLC1A6
CD97,ADGRE5
CMKBRL1,CX3CR1
GPR13,CX3CR1
FASN,FAS
GPR9,CXCR3
GPR10,PRLHR
GR3,PRLHR
PGFL,PGF
PLGF,PGF
VRF,VEGFB
STE,SULT1E1
SEPP1,SELP
SELENOP,SELP
CD39,ENTPD1
STP,SULT1A1
STP1,SULT1A1
PPYR1,NPY4R
APO2L,TNFSF10
TRAIL,TNFSF10
NR1F3,RORC
RORG,RORC
RZRG,RORC
RLF,INSL3
RLNL,INSL3
OCI5,GPC3
SCYA11,CCL11
CMKBR3,CCR3
CMKBR4,CCR4
CMKBR5,CCR5
CKRL3,CCR6
CMKBR6,CCR6
GPR29,CCR6
STRL22,CCR6
CKRL1,CCR8
CMKBR8,CCR8
CMKBRL2,CCR8
GPR28,CCR9
PLXN4,PLXNA3
SEX,PLXNA3
OA1,GPR143
SRD5B1,AKR1D1
EFL2,EFNA3
EPLG3,EFNA3
LERK3,EFNA3
EPLG4,EFNA4
LERK4,EFNA4
EPLG5,EFNB2
HTKL,EFNB2
LERK5,EFNB2
EPLG7,EFNA5
LERK7,EFNA5
ADAPT78,DSC1
CSP1,DSC1
DSCR1,DSC1
RCAN1,DSC1
MCT1,SLC16A1
VAT1,SLC18A1
VMAT1,SLC18A1
ETK2,EPHB3
HEK2,EPHB3
TYRO6,EPHB3
BSK,EPHA5
EHK1,EPHA5
HEK7,EPHA5
HTK,EPHB4
MYK1,EPHB4
TYRO11,EPHB4
ELK,EPHB1
EPHT2,EPHB1
HEK6,EPHB1
NET,EPHB1
HEK8,EPHA4
SEK,EPHA4
TYRO1,EPHA4
LXRB,NR1H2
NER,NR1H2
UNR,NR1H2
ITDI3,DIO3
TXDI3,DIO3
AIGF,FGF8
BMP3B,GDF10
CDH14,CDH3
CDH15,CDH3
MIP3,CCL23
MPIF1,CCL23
SCYA23,CCL23
AMAC1,CCL18
DCCK1,CCL18
MIP4,CCL18
PARC,CCL18
SCYA18,CCL18
FCRN,FCGRT
GDNFRA,GFRA1
RETL1,GFRA1
TRNR1,GFRA1
INT4,WNT3
C21orf43,JAM2
VEJAM,JAM2
ILT7,LILRA4
CYPA,PPIA
BIT,SIRPA
MFR,SIRPA
MYD1,SIRPA
PTPNS1,SIRPA
SHPS1,SIRPA
SIRP,SIRPA
CLEC8A,OLR1
LOX1,OLR1
FKN,CX3CL1
NTT,CX3CL1
SCYD1,CX3CL1
JAGL1,JAG1
IL13R,IL13RA2
IL13RA,IL13RA1
LARC,CCL20
MIP3A,CCL20
SCYA20,CCL20
MCP2,CCL8
SCYA10,CCL8
SCYA8,CCL8
MCP3,CCL7
SCYA6,CCL7
SCYA7,CCL7
GCP2,CXCL6
SCYB6,CXCL6
HNL,LCN2
NGAL,LCN2
DLK,DLK1
PRH,PRLH
EFL3,EFNB1
EPLG2,EFNB1
LERK2,EFNB1
EVR2,NDP
IL5R,IL5RA
DER4,IL1RL1
ST2,IL1RL1
T1,IL1RL1
ACTHR,MC2R
MSHR,MC1R
DAT1,SLC6A3
NTRKR1,ROR1
NTRKR2,ROR2
BCM,TNFRSF17
BCMA,TNFRSF17
GGF,NRG1
HGL,NRG1
HRGA,NRG1
NDF,NRG1
SMDF,NRG1
CDHF4,DSG1
CDHF2,DSC3
DSC3,DSC2
DSC2,DSC3
TIE2,TEK
VMCM,TEK
VMCM1,TEK
NR1C2,PPARD
PPARB,PPARD
MO3,PLAUR
UPAR,PLAUR
PTHR,PTH1R
PTHR1,PTH1R
ACVRLK2,ACVR1
ACHRE,CHRNE
PTK8,MST1R
RON,MST1R
GAD65,GAD2
NMDAR1,GRIN1
UND,COL14A1
SVMT,SLC18A2
VMAT2,SLC18A2
BYK,TYRO3
DTK,TYRO3
RSE,TYRO3
SKY,TYRO3
TIF,TYRO3
APPL2,APLP2
STD,SULT2A1
TNFC,LTB
TNFSF3,LTB
ACHRD,CHRND
CD137,TNFRSF9
ILA,TNFRSF9
CMK,CXCL9
MIG,CXCL9
SCYB9,CXCL9
NKG2E,KLRC3
PPAR,PPARG
CRFB4,IL10RB
D21S58,IL10RB
D21S66,IL10RB
CDHF1,DSC1
MER6,CD47
HFREP1,FGL1
APOB48R,APOBR
MER,MERTK
NMDAR2A,GRIN2A
CLEC5B,KLRB1
NKRP1A,KLRB1
GLUR6,GRIK2
GLUR7,GRIK3
MDA7,IL24
ST16,IL24
KRS2,MST1
STK4,MST1
LXRA,NR1H3
NMDAR2B,GRIN2B
CD94,KLRD1
GPRC1A,GRM1
MGLUR1,GRM1
CRF2R,CRHR2
CRH2R,CRHR2
C2orf31,FZD5
IL1RRP,IL18R1
OFQ,PNOC
SEMAF,SEMA5A
PTCH,PTCH1
IL10R,IL10RA
MEMD,ALCAM
PPH1,BMPR2
APOER2,LRP8
IGIF,IL18
IL1F4,IL18
CDHF5,DSG2
IL27B,EBI3
AXLLG,GAS6
GPRC1B,GRM2
MGLUR2,GRM2
DER12,SLC29A2
ENT2,SLC29A2
HNP36,SLC29A2
SEMAD,SEMA3A
CDHF3,DSC3
DSC4,DSC3
LW,ICAM4
GPRC1G,GRM7
MGLUR7,GRM7
GPRC1C,GRM3
MGLUR3,GRM3
GPRC1D,GRM4
MGLUR4,GRM4
LTB4DH,PTGR1
NKAT10,KIR3DS1
HGFIN,NMB
GPNMB,NMB
NMDAR2C,GRIN2C
PD1,PDCD1
P23,PTGES3
TEBP,PTGES3
HVEC,NECTIN1
PRR1,NECTIN1
PVRL1,NECTIN1
HER4,ERBB4
EHK3,EPHA7
HEK11,EPHA7
KIAA0003,ANGPT1
KIAA0018,DHCR24
BLT,LTB4R
BLT1,LTB4R
BLTR,LTB4R
CMKRL1,LTB4R
GPR16,LTB4R
P2RY7,LTB4R
ASCT2,SLC1A5
M7V1,SLC1A5
RDR,SLC1A5
RDRC,SLC1A5
NPYR5,NPY5R
DNAM1,CD226
EPLG8,EFNB3
LERK8,EFNB3
ACDC,ADIPOQ
ACRP30,ADIPOQ
APM1,ADIPOQ
GBP28,ADIPOQ
GRIK,GRIK4
TRKC,NTRK3
GRIK5,GRIK2
GRIK2,GRIK5
CTLA8,IL17A
IL17,IL17A
DARC,ACKR1
FY,ACKR1
GPD,ACKR1
VACHT,SLC18A3
AZ3B,C3AR1
C3R1,C3AR1
HNFAG09,C3AR1
CGRPR,CALCRL
TRKB,NTRK2
NCC2,CCL14
SCYA14,CCL14
CYP8,PTGIS
CYP8A1,PTGIS
MIP5,CCL15
NCC3,CCL15
SCYA15,CCL15
AMHR,AMHR2
MISR2,AMHR2
LAMNA,LAMA3
PERB11.2,MICB
PERB11.1,MICA
C20orf182,RSPO4
COL28,COL28A1
HLAH,HFE
VSIG9,TIGIT
VSTM3,TIGIT
CDO,CDON
SDR12C1,HSD17B12
TNLG1A,FASLG
NR2A,GRIN2A
TNF-alpha,TNF
TNLG1F,TNF
C6orf76,TREML2
TLT2,TREML2
FRP1B,SFRP5
SARP3,SFRP5
EVN,ARTN
TNLG6B,TNFSF11
ULBP6,RAET1L
B7H3,CD276
B7H6,NCR3LG1
C17orf36,REN
KCTD11,REN
SLITL2,VASN
IF2A,IL10
FRPHE,SFRP4
CD305,LAIR1
ULBP5,RAET1G
BMP13,GDF6
GDF16,GDF6
KIAA1302,TENM4
ODZ4,TENM4
TNM4,TENM4
FDX1L,FDX2
SALM3,LRFN4
MCSP,CSPG4
KACL,CLEC2A
CRL1,IL27RA
TCCR,IL27RA
WSX1,IL27RA
GPR15L,C10orf99
GPR15LG,C10orf99
CRISP9,PI16
PSPBP,PI16
DIRS1,IL20RB
KIAA1777,UNC5D
UNC5H4,UNC5D
GPR154,NPSR1
GPRA,NPSR1
PGR14,NPSR1
USAG1,SOSTDC1
NELF,NSMF
CD33L3,SIGLEC15
C16orf77,IL34
KIAA1976,UNC5A
UNC5H1,UNC5A
ENT4,SLC29A4
PMAT,SLC29A4
AM2,ADM2
FAM19A5,TAFA5
DREG,ADGRG6
GPR126,ADGRG6
VIGR,ADGRG6
PAQR2,ADIPOR2
TMEM146,CATSPERD
AMICA1,JAML
GPB5,GPHB5
ZLUT1,GPHB5
CTRP11,C1QL4
IL29,IFNL1
ZCYTO21,IFNL1
IL28RA,IFNLR1
LICR2,IFNLR1
HN,MT-RNR2
COLEC5,PSAP
SFTP1,PSAP
SFTPA,PSAP
SFTPA2B,PSAP
SFTPA2,PSAP
COLEC4,PSAP
SFTPA1B,PSAP
SFTPA1,PSAP
NTPH,TPH2
KIAA1870,COL27A1
IL28B,IFNL3
IL28C,IFNL3
ZCYTO22,IFNL3
P53RDL1,UNC5B
UNC5H2,UNC5B
KIAA1260,NLGN4X
NLGN4,NLGN4X
IGSF4B,CADM3
NECL1,CADM3
SYNCAM3,CADM3
TSLL1,CADM3
GJA11,GJC1
GJD3,GJC1
KIAA1070,NLGN1
ILT4,LILRB2
LIR2,LILRB2
MIR10,LILRB2
FRP,FRZB
FRP1,SFRP1
SARP2,SFRP1
GCET2,GAL
GCSAM,GAL
IL22R,IL22RA1
NB1,CD177
PRV1,CD177
KRM2,KREMEN2
VGLUT3,SLC17A8
ALK7,ACVR1C
IL27A,IL27
IL30,IL27
GPR73L1,PROKR2
PKR2,PROKR2
KIAA1479,SEMA6D
KIAA0951,NLGN4Y
KIAA1366,NLGN2
IGSF4C,CADM4
NECL4,CADM4
TSLL2,CADM4
ILT3,LILRB4
LIR5,LILRB4
ILT2,LILRB1
LIR1,LILRB1
MIR7,LILRB1
C1orf93,PRXL2B
FAM213B,PRXL2B
LETAL,RAET1E
N2DL4,RAET1E
ULBP4,RAET1E
CD200R,CD200R1
CRTR2,CD200R1
MOX2R,CD200R1
OX2R,CD200R1
TIM3,HAVCR2
TIMD3,HAVCR2
GPR170,OXER1
TG1019,OXER1
GALR4,GPR151
GALRL,GPR151
PGR7,GPR151
KIAA1863,ALB
FBF1,ALB
KIAA1959,UBASH3B
STS1,UBASH3B
BOCT,SLC22A17
BOIT,SLC22A17
FIL1T,IL1F10
IL1HY2,IL1F10
IL38,IL1F10
GPR106,RXFP2
GREAT,RXFP2
LGR8,RXFP2
INSL7,RLN3
RXN3,RLN3
ZINS4,RLN3
SCYA17,CCL17
TARC,CCL17
EDG2,LPAR1
LPA1,LPAR1
C11orf32,SORL1
HVEB,NECTIN2
PRR2,NECTIN2
PVRL2,NECTIN2
ESTRB,ESR2
NR3A2,ESR2
NR1F2,RORB
RZRB,RORB
FIZ,FRZB
FRE,FRZB
FRZB1,FRZB
SFRP3,FRZB
KIAA0343,NRCAM
NELL1,NRP1
C9orf164,SEMA4D
CD100,SEMA4D
SEMAJ,SEMA4D
CFR1,GLG1
ESL1,GLG1
MG160,GLG1
HVEA,TNFRSF14
HVEM,TNFRSF14
APO3,TNFRSF25
DDR3,TNFRSF25
DR3,TNFRSF25
TNFRSF12,TNFRSF25
WSL,TNFRSF25
WSL1,TNFRSF25
WNT13,WNT2B
SPC,UCN3
AXOR12,KISS1R
GPR54,KISS1R
PAQR1,ADIPOR1
TESBP1A,ADIPOR1
EMID2,COL26A1
EMU2,COL26A1
CLEC15A,KLRG1
MAFA,KLRG1
MAFAL,KLRG1
IL17R,IL17RA
CHLR1,CHL1
KRG2,CHL1
DDX11,CHL1
FRP2,SFRP2
SARP1,SFRP2
SLG2,SIGLEC10
KREMEN,KREMEN1
KRM1,KREMEN1
C14orf146,LRFN5
SALM5,LRFN5
LNIR,NECTIN4
PRR4,NECTIN4
PVRL4,NECTIN4
COL1AL,COL21A1
GPR103,QRFPR
GPR124,ADGRA2
KIAA1531,ADGRA2
TEM5,ADGRA2
KIAA1910,SLITRK1
LRRC12,SLITRK1
HIP,HHIP
PAR4,F2RL3
BAR,NR1H4
FXR,NR1H4
HRR1,NR1H4
RIP14,NR1H4
BAFFR,TNFRSF13C
BR3,TNFRSF13C
SRP,UCN2
URP,UTS2B
GPA2,GPHA2
ZSIG51,GPHA2
GCSFR,CSF3R
DTR,HBEGF
DTS,HBEGF
HEGFL,HBEGF
GAD,GAD1
GAD67,GAD1
NELL2,NRP2
NRP2,NELL2
INT3,NOTCH4
CEPR,GPER1
CMKRL2,GPER1
DRY12,GPER1
GPER,GPER1
GPR30,GPER1
MCP4,CCL13
NCC1,CCL13
SCYA13,CCL13
OSMRB,OSMR
GPR24,MCHR1
SLC1,MCHR1
COL12A1L,COL12A1
ELC,CCL19
MIP3B,CCL19
SCYA19,CCL19
CHEMR23,CMKLR1
DEZ,CMKLR1
ENT1,SLC29A1
TIG2,RARRES2
SLRR2C,OMD
SEMAE,SEMA3C
RDH15,DHRS9
SDR9C4,DHRS9
B7DC,PDCD1LG2
CD273,PDCD1LG2
PDCD1L2,PDCD1LG2
PDL2,PDCD1LG2
C20orf55,F10
FAM110A,F10
CS3,CLSTN3
KIAA0726,CLSTN3
C12orf39,SPX
SGPP1,SPP1
GPR48,LGR4
PWTSR,RSPO3
THSD2,RSPO3
IGSF4,CADM1
IGSF4A,CADM1
NECL2,CADM1
SYNCAM,CADM1
TSLC1,CADM1
ENT3,SLC29A3
N2DL3,ULBP3
RAET1N,ULBP3
N2DL2,ULBP2
RAET1H,RAET1L
N2DL1,ULBP1
RAET1I,ULBP1
NOGOR,RTN4R
2B4,CD244
SN,SIGLEC1
KIAA1739,SEMA4C
SEMAI,SEMA4C
IEGF,PDGFD
SCDGFB,PDGFD
NMU2R,NMUR2
TGR1,NMUR2
GPR147,NPFFR1
NPFF1,NPFFR1
CHT1,SLC5A7
HYPF,FGF23
ILTIF,IL22
ZCYTO18,IL22
CXorf2,SLITRK2
KIAA1854,SLITRK2
SLITL1,SLITRK2
WNT8D,WNT8A
IL17E,IL25
SCYB16,CXCL16
SRPSOX,CXCL16
KIAA1368,SEMA6A
SEMAQ,SEMA6A
CD209L,CLEC4M
CD209L1,CLEC4M
CD299,CLEC4M
GPCR105,HRH4
SEMAB,SEMA4A
SEMB,SEMA4A
CS2,CLSTN2
KIAA0338,EPB41L1
VGAT,SLC32A1
VIAAT,SLC32A1
C10orf54,VSIR
SISP1,VSIR
VISTA,VSIR
C9orf15,PTGES2
PGES2,PTGES2
SRD5A2L,SRD5A3
KIAA0768,ADGRL3
LEC3,ADGRL3
LPHN3,ADGRL3
IL1RRP2,IL1RL2
GPR66,NMUR1
NILR,IL21R
EDG4,LPAR2
LPA2,LPAR2
LGR7,RXFP1
BV8,PROK2
CRL2,CRLF2
ILXR,CRLF2
TSLPR,CRLF2
KIAA1580,LRRC4C
NGL1,LRRC4C
KIAA1568,ROBO2
KIAA1550,PLXNA4
PLXNA4A,PLXNA4
PLXNA4B,PLXNA4
CD164L1,CD248
TEM1,CD248
KIAA0743,NRXN3
CLEC4L,CD209
FN14,TNFRSF12A
CCRL1,ACKR4
VSHK1,ACKR4
BLT2R,LTB4R2
BLTR2,LTB4R2
8D6A,CD320
SGRF,IL23A
C3orf13,IL1RAP
IL1R3,IL1RAP
AK155,IL26
C1QR1,CD93
MXRA4,CD93
PRR3,NECTIN3
PVRL3,NECTIN3
SCDGF,PDGFC
SCYA28,CCL28
CRL4,IL17RB
EVI27,IL17RB
IL17BR,IL17RB
CYSLT2,CYSLTR2
CYSLT2R,CYSLTR2
GAT2,SLC6A13
KIAA1127,TENM2
ODZ2,TENM2
TNM2,TENM2
LRIG4,LRRC4B
KIAA1619,SEMA4G
SLTM,MET
CDHF11,CELSR3
EGFL1,CELSR3
FMI1,CELSR3
KIAA0812,CELSR3
MEGF2,CELSR3
ZCYTO10,IL20
KIAA1480,NLGN3
NL3,NLGN3
FIL1Z,IL37
IL1F7,IL37
IL1H4,IL37
IL1RP1,IL37
IL1F8,IL36B
IL1H2,IL36B
IL1E,IL36A
IL1F9,IL36G
IL1H1,IL36G
IL1RP2,IL36G
MTCH1,PSAP
OPHN4,IL1RAPL1
B7H1,CD274
PDCD1L1,CD274
PDCD1LG1,CD274
PDL1,CD274
CLEC5C,KLRF1
ML,KLRF1
KIAA1469,FLRT3
SIRPB2,SIRPG
KIAA1510,COL20A1
KIAA1455,TENM3
ODZ3,TENM3
TNM3,TENM3
C5L2,C5AR2
GPR77,C5AR2
KIAA0921,NRXN2
BNPI,SLC17A7
VGLUT1,SLC17A7
DNPI,SLC17A6
VGLUT2,SLC17A6
SCYC2,XCL2
BSF3,CLCF1
CLC,CLCF1
NNT1,CLCF1
FIL1D,IL36RN
IL1F5,IL36RN
IL1HY1,IL36RN
IL1L1,IL36RN
IL1RP3,IL36RN
DAP10,HCST
KAP10,HCST
PIK3AP,HCST
PEMPT,PNMT
PEMT,PNMT
D7SR,DHCR7
DCR2,TNFRSF10D
TRAILR4,TNFRSF10D
TRUNDD,TNFRSF10D
GPRC3A,GABBR1
MTLRP,GHRL
EDG7,LPAR3
LPA3,LPAR3
FIL1E,IL36A
IL1F6,IL36A
ZMDA1,IL19
NKNB,TAC3
CLAX,CLEC2D
LLT1,CLEC2D
OCIL,CLEC2D
EMR2,ADGRE2
GA,GLS2
NOV,PLXNA1
PLXN1,PLXNA1
BMP9,GDF2
CCRN4L,CCR4
NOC,CCR4
NOCT,CCR4
GPR14,UTS2R
ODZ1,TENM1
TNM1,TENM1
KIAA0578,NRXN1
KIAA1206,PLXNB3
PLXN6,PLXNB3
CCR4a,CCR4
KIAA1194,CCR4
CNOT6,CCR4
APEL,APLN
FYR,CDH1
FZR,CDH1
KIAA1242,CDH1
FZR1,CDH1
BP180,COL17A1
BPAG2,COL17A1
AITRL,TNFSF18
GITRL,TNFSF18
TL6,TNFSF18
EPCR,PROCR
SCYA26,CCL26
ANG3,ANGPT4
ANG4,ANGPT4
CYSLT1,CYSLTR1
BAFF,TNFSF13B
BLYS,TNFSF13B
TALL1,TNFSF13B
TNFSF20,TNFSF13B
ZTNF4,TNFSF13B
GLYT2,SLC6A5
BIT1,PTH2
PTRH2,PTH2
C14orf60,NRXN3
C11orf11,DAGLA
KIAA0659,DAGLA
NSDDR,DAGLA
KIAA0620,PLXND1
ILC,CCL27
SCYA27,CCL27
GPCR97,HRH3
AITR,TNFRSF18
GITR,TNFRSF18
GPR74,NPFFR2
NPFF2,NPFFR2
NPGPR,NPFFR2
CRTH2,PTGDR2
DL1R,PTGDR2
GPR44,PTGDR2
JAM1,F11R
JCAM,F11R
GPR56,ADGRG1
TM7LN4,ADGRG1
TM7XN1,ADGRG1
DUTT1,ROBO1
RANK,TNFRSF11A
AILIM,ICOS
NR1i1,VDR
C21orf105,ERVH48-1
HERV-Fb1,ERVH48-1
NDUFV3-AS1,ERVH48-1
C1QRF,C1QL1
CRF,C1QL1
CTRP14,C1QL1
MCH,PMCH
PTHR2,PTH2R
TNLG1E,LTA
CTRP13,C1QL3
IFNE1,IFNE
IL28A,IFNL2
ZCYTO20,IFNL2
CD158F,KIR2DL5A
CD158F1,KIR2DL5A
KIR2DL5,KIR2DL5A
PPL8,NPW
PPNPW,NPW
GPR73,PROKR1
PKR1,PROKR1
GPCR142,RXFP4
GPR100,RXFP4
RLN3R2,RXFP4
AICL,CLEC2B
CLECSF2,CLEC2B
IFNRG1,CLEC2B
GPR145,MCHR2
SLT,MCHR2
TXNL6,NXNL1
TA1,TAAR1
TAR1,TAAR1
TRAR1,TAAR1
TMEM149,IGFLR1
U2AF1L4,IGFLR1
HBP,HEBP1
GPCR135,RXFP3
RLN3R1,RXFP3
SALPR,RXFP3
NIRF,IL20
ZCYTO7,IL20
IL17B,IL20
CDH7L1,CDH7
HEL-S-51e,SHMT2
CXNI,GJA5
STRN,ALK
fusion,RET
PPARG3D5,PPARG
PPARG1D5,PPARG
GCR,NR3C1
GR,NR3C1
HLA-H,HLA-A
FGF7A,FGF4
FGF8A,FGF19
HLA,HLA-B
C,HLA-C
HLA-Cw,HLA-C
AgRP,AGRP
gamma,PPARG
IL1b,IL1B
MRLN,MLN
HLA-B*4403,HLA-B
HLA-B*44031,HLA-B
HLA-B*44032,HLA-B
LGALSL,GRP
HLA-A*0101,HLA-A
5HT1A,HTR1A
FSHA,CGA
GPA1,CGA
UTS2D,UTS2B
FAM19A1,TAFA1
CTRP10,C1QL2
PPL7,NPB
PPNPB,NPB
PR,PGR
HLA-A*24,HLA-A
:02,HLA-A
variant,HLA-C
HLA-A*24:02,HLA-A
VARIANT,HLA-A
TIP39,PTH2
TIPF39,PTH2
FAM19A4,TAFA4
C14orf161,CATSPERB
HECA,HDC
HER-2,ERBB2
CD317,BST2
TNLG2B,TNFSF4
hla-A,HLA-A
UCMA,GRP
BDKRB1,BDKRB2
BDKRB2,BDKRB1
HLA-A*2903,HLA-A
CGB4,CGB3
FSHR1,FSHR
TNLG4A,TNFSF12
TNLG5A,TNFSF9
HLA-B*5108,HLA-B
HLA-B39,HLA-B
HLA-B-5602,HLA-B
HLA-A10-B38,HLA-B
HLA-Cw*18GB,HLA-C
HLA-B*39GB,HLA-B
HLA-B*4008,HLA-B
HLA-B*2702,HLA-B
HLA-B27K,HLA-B
ROR-BETA,RORB
HLA-B*08:01NEW,HLA-B
HLA-C,HLA-B
HLA-B,MICA
HLA-A*02:01NEW,HLA-A
HLA-C*16:01NEW,HLA-C
HLA-B*18NEW,HLA-B
HLA-A-32,HLA-A
IL-21,IL21
HLA-A25,HLA-A
HLA-B*5504,HLA-B
RI-PRLR,PRLR
CPSF6,RARG
HLA-A26,HLA-A
DOP,OPRD1
DOR,OPRD1
DOR1,OPRD1
hla-b,HLA-B
HLA-B*5002,HLA-B
KIR2DS5,KIR2DL5A
LOC102725023,KIR2DL5A
KIR2DL5B,KIR2DL5A
ADII,C1QL2
ADIK,C1QL4
ADIJ,C1QL3
PPARG2D5,PPARG
HLA-B*4407,HLA-B
HLA-A*68,HLA-A
HLA-Cw*12042,HLA-C
CXNJ1,GJA3
HLA-B*,HLA-B
KOR3,OPRL1
NOP,OPRL1
OPRL,OPRL1
KOP,OPRK1
KOR,OPRK1
KOR1,OPRK1
MOP,OPRM1
MOR,OPRM1
OPRM,OPRM1
IF1AA9,IFNA5
IF2D,IL20
IF1FA,IFNK
IF2G,IL26
FGF5C,FGF3
FGF6B,FGF17
FGF7B,FGF6
hFLT1,AGT
GHB5,GH1
HLA_A,HLA-A
ALP,CCL27
CTACK,CCL27
CTAK,CCL27
ESKINE,CCL27
PESKY,CCL27
HLA-Cw-0303,HLA-C
HLA-Cw*07GB,HLA-C
HLA-A-02,HLA-A
HLA-Cw*0403,HLA-C
B-1519,HLA-B
HLA-B18,HLA-B
HLA-B-3905,HLA-B
HLA-B*5603,HLA-B
HLA-B59,HLA-B
HLA-B*51022,HLA-B
HLA-B-5502,HLA-B
HLA-Cw*1203,HLA-C
Cw*1701,HLA-C
A1102,HLA-A
HLA-A30,HLA-A
HLA-DRB1,HLA-B
NR1i2,NR1I2
HLA-A*,HLA-A
HLA-B7_L79,HLA-B
HLA-B*5703GB,HLA-B
HLA-A*01,HLA-A
il15ra,IL15RA
HLA-B*3512,HLA-B
HLA-A*02,HLA-A
IL-2,IL2
P450-CYP21B,CYP21A2
HLA-A-6802,HLA-A
HLA-B35,HLA-B
HLA-A24AK,HLA-A
HLA-B*1513,HLA-B
HLA-A-0203,HLA-A
HLA-A*3303,HLA-A
opn,SPP1
TWEAK,TNFSF12
TNLG3A,TNFSF8
B,HLA-B
hEMMPRIN,BSG
EP3-I,PTGER3
EP3f,PTGER3
HLA-C*04,HLA-C
BAFF-R,TNFRSF13C
DKFZp686P0738,GJC1
GHA1,PRL
HLA-A11,HLA-A
MICA,HLA-B
KIR3DL13DL1*00402_extension_1,KIR3DL1
MCP-3,CCL7
KIR3DL13DL1*009_extension_1,KIR3DL1
KIR3DL13DL1*009_extension_2,KIR3DL1
KIR3DL13DL1*009_extension_3,KIR3DL1
KIR3DL13DL1*009_extension_4,KIR3DL1
HLA-CW,HLA-C
kir3d,KIR3DL2
HLA-B57,HLA-B
HLA-A2,HLA-A
HEL-S-83,HLA-B
HEL12,ALDH1A1
HEL-S-53e,ALDH1A1
HEL-S-171mP,CD52
HLA-B*4102,HLA-B
SEC31A,ALK
LOC102723996,ICOSLG
LOC112268355,KIR3DS1
3DL2,KIR2DL1
KIR-3DL2,KIR3DL2
KIR2DL32DL3*00501_extension_1,KIR2DL3
DL2V,KIR3DL1
"OBR,CD295",LEPR
HLA-B*38021,HLA-B
LOC112267881,KIR2DL1
TRAF1,ALK
CROM,CD55
IF2B1,IL22
igf2R,IGF2R
TNFR1B,TNFRSF1B
P2RY8,CRLF2
KIR2DL2,KIR2DL3
KIR2DL32DL3*00110_extension_1,KIR2DL3
RAET-1E,RAET1E
c-erbB-3,ERBB3
mannose,IGF2R
6-phosphate,IGF2R
CELL,CEL
integrin,ITGB3
beta,B2M
3,TNFSF11
2-microglobulin,B2M
GnRHRII,GNRHR2
HLA-G2.2,HLA-G
hRANKL,TNFSF11
KPG_011,CYSLTR2
CO11A1,COL11A1
KIR3DL13DL1*019_extension_1,KIR3DL1
KIR-2DL1,KIR2DL1
DKFZp779N1944,NRG4
GHRHRpsv,GHRHR
OK/SW-cl.24,P4HB
hLHB,LHB
3-5,BDNF
4-5,BDNF
4I-5,BDNF
1-5,BDNF
DKFZp686M1967,NRP1
5HTT,SLC6A4
Apo(a),APOA2
PLGL,APOA2
proto-oncogene,RET
estrogen,ESR1
receptor,ESR1
CUX1,RET
